{
    // The version of the config file format.  Do not change, unless
    // you know what you are doing.
    "version": 1,

    // The name of the project being benchmarked
    "project": "pydarshan",

    // The project's homepage
    "project_url": "https://github.com/darshan-hpc/darshan",

    // The URL of the source code repository for the project being
    // benchmarked
    "repo": "../../..",
    "dvcs": "git",
    "branches": ["HEAD"],

    // Customizable commands for building, installing, and
    // uninstalling the project. See asv.conf.json documentation.
    //
    "install_command": ["in-dir={build_dir} python -m pip install ."],
    // "uninstall_command": ["return-code=any python -mpip uninstall -y {project}"],
    "build_command": [
         "python -m pip install .",
         //"PIP_NO_BUILD_ISOLATION=false python -mpip wheel --no-deps --no-index -w {build_cache_dir} {build_dir}"
     ],

    // The base URL to "how a commit for the project.
    "show_commit_url": "https://github.com/darshan-hpc/darshan/commit/",

    // The Pythons you'd like to test against.  If not provided, defaults
    // to the current version of Python used to run `asv`.
    // "pythons": ["3.9"],

    // The matrix of dependencies to test.  Each key is the name of a
    // package (in PyPI) and the values are version numbers.  An empty
    // list indicates to just test against the default (latest)
    // version.
    "matrix": {
        "numpy": [],
        "cffi": [],
        "pytest": [],
    },

    // The directory (relative to the current directory) that benchmarks are
    // stored in.  If not provided, defaults to "benchmarks"
    "benchmark_dir": "benchmarks",

    // The directory (relative to the current directory) to cache the Python
    // environments in.  If not provided, defaults to "env"
    "env_dir": "env",

    // The tool to use to create environments.  May be "conda",
    // "virtualenv" or other value depending on the plugins in use.
    // If missing or the empty string, the tool will be automatically
    // determined by looking for tools on the PATH environment
    // variable.
    "environment_type": "virtualenv",
    "build_cache_size": 10,

    // The directory (relative to the current directory) that raw benchmark
    // results are stored in.  If not provided, defaults to "results".
    "results_dir": "results",

    // The directory (relative to the current directory) that the html tree
    // should be written to.  If not provided, defaults to "html".
    "html_dir": "html",

    // The number of characters to retain in the commit hashes.
    "hash_length": 8,

    // The commits after which the regression search in `asv publish`
    // should start looking for regressions. Dictionary whose keys are
    // regexps matching to benchmark names, and values corresponding to
    // the commit (exclusive) after which to start looking for
    // regressions.  The default is to start from the first commit
    // with results. If the commit is `null`, regression detection is
    // skipped for the matching benchmark.

    //"regressions_first_commits": {
     //  "io_matlab\\.StructArr\\..*": "67c089a6",  //  structarrs weren't properly implemented before this
    //}

    "repo_subdir": "darshan-util/pydarshan",
}
